Municipality,Fertility Rate,socio_economic_class,Age,Children,Year_1,Year_2,Year_3,Year_4,Year_5,Year_6,Year_7,Year_8,Year_9,Year_10
Aabenraa,1.963334289974378,3,25,0,,,1.0,,,,1.0,,1.0,
Aabenraa,1.761245221645469,3,25,0,1.0,,1.0,,1.0,1.0,,,1.0,1.0
Aabenraa,1.658377179936253,1,25,0,1.0,1.0,1.0,1.0,1.0,1.0,1.0,1.0,1.0,1.0
Aabenraa,1.7892820123511868,3,25,0,,,,,,1.0,1.0,,,
Aabenraa,1.6599477573051613,3,25,0,,,1.0,1.0,1.0,1.0,,1.0,1.0,
Aabenraa,1.7047194284191172,2,25,0,,1.0,,,,,,,,
Aabenraa,1.6109581602814922,3,25,0,1.0,1.0,,,,,1.0,1.0,,
Aabenraa,1.5777179531255279,3,25,0,1.0,,1.0,,,,,,,1.0
Aalborg,1.6846800401054625,3,25,0,1.0,,1.0,,1.0,,1.0,,,
Aalborg,1.4309291493036915,3,25,0,,1.0,,1.0,1.0,,,1.0,1.0,
Aalborg,1.2758825568718297,1,25,0,1.0,1.0,1.0,1.0,1.0,1.0,1.0,1.0,1.0,1.0
Aalborg,1.8968843054517128,3,25,0,1.0,1.0,,,1.0,,1.0,,1.0,
Aalborg,1.6919339437829568,3,25,0,,1.0,,,1.0,1.0,1.0,1.0,1.0,
Aalborg,1.4879464880451176,3,25,0,,,,1.0,,1.0,,,,1.0
Aalborg,1.7195088376697651,3,25,0,1.0,,1.0,,,,,1.0,,1.0
Aalborg,1.247517320513813,3,25,0,,,,1.0,1.0,,,,1.0,
Aalborg,1.3797001607806005,2,25,0,,,,,,,,,,
Aalborg,1.4446748740463728,3,25,0,1.0,,,1.0,1.0,,1.0,,,
Aalborg,1.771234597336514,3,25,0,1.0,,1.0,1.0,1.0,,,,,1.0
Aalborg,1.671361617595949,3,25,0,1.0,,1.0,1.0,1.0,1.0,,,1.0,
Aalborg,1.6535443936239502,3,25,0,,1.0,1.0,1.0,,,1.0,,1.0,1.0
Aalborg,1.579703604765964,3,25,0,1.0,,1.0,,1.0,1.0,,1.0,1.0,1.0
Aalborg,1.4696209301627186,3,25,0,,1.0,,,1.0,,1.0,,1.0,
Aalborg,1.695625185937089,3,25,0,,1.0,1.0,1.0,,1.0,,,1.0,
Aalborg,1.7127790333245958,3,25,0,1.0,1.0,,1.0,,,,1.0,,
Aalborg,1.8076430881575507,3,25,0,1.0,1.0,,1.0,1.0,1.0,1.0,,,
Aalborg,1.880395606172642,3,25,0,,,,,1.0,,,1.0,1.0,
Aalborg,1.4398675998426556,1,25,0,1.0,1.0,1.0,1.0,1.0,1.0,1.0,1.0,1.0,1.0
Aalborg,1.301409926442413,3,25,0,1.0,,,,,,1.0,1.0,1.0,1.0
Aalborg,1.4142926104658917,2,25,0,,,,,,,,,,
Aalborg,1.7714799601140812,3,25,0,1.0,1.0,,1.0,1.0,1.0,,1.0,1.0,1.0
Aalborg,1.8199996383596866,3,25,0,,1.0,1.0,,1.0,,1.0,1.0,1.0,
Aalborg,1.3947236511267072,2,25,0,,,,,,,,,,
Aalborg,1.828368740788851,3,25,0,,,1.0,,,,,1.0,,1.0
Aalborg,1.5832918474167053,1,25,0,1.0,1.0,1.0,1.0,1.0,1.0,1.0,1.0,1.0,1.0
Aalborg,1.5491883358682828,1,25,0,1.0,1.0,1.0,1.0,1.0,1.0,1.0,1.0,1.0,1.0
Aalborg,1.273974008573008,1,25,0,1.0,1.0,1.0,1.0,1.0,1.0,1.0,1.0,1.0,1.0
Aalborg,1.5086297874796117,3,25,0,,,,1.0,,1.0,,1.0,,1.0
Aalborg,1.4932213935729468,1,25,0,1.0,1.0,1.0,1.0,1.0,1.0,1.0,1.0,1.0,1.0
Aalborg,1.7480279896747535,1,25,0,1.0,1.0,1.0,1.0,1.0,1.0,1.0,1.0,1.0,1.0
Aalborg,1.7639694416442264,3,25,0,,,1.0,,,,1.0,,1.0,
Aalborg,1.6975907599617293,2,25,0,,,,,,,,,,1.0
Aalborg,1.3778130039775147,3,25,0,1.0,,,,1.0,,,,,1.0
Aalborg,1.4143393927064216,3,25,0,1.0,,,1.0,1.0,,,,,
Aalborg,1.6809445569069217,2,25,0,1.0,,,,,,,,,
Aalborg,1.6829079066487453,3,25,0,1.0,1.0,1.0,1.0,,,,1.0,,1.0
Aalborg,1.4736596434743106,3,25,0,,,,,,,1.0,1.0,,
Aalborg,1.461906591922789,1,25,0,1.0,1.0,1.0,1.0,1.0,1.0,1.0,1.0,1.0,1.0
Aarhus,1.852348264760371,3,25,0,,,1.0,1.0,,,,,1.0,1.0
Aarhus,1.624026432144433,3,25,0,,,,,,,1.0,1.0,,1.0
Aarhus,1.63806766893966,3,25,0,,1.0,1.0,,1.0,,1.0,,1.0,1.0
Aarhus,1.6788999113888268,3,25,0,1.0,,,,1.0,,1.0,,,
Aarhus,1.5249869867625496,3,25,0,,,1.0,,1.0,1.0,1.0,,1.0,
Aarhus,1.7693814036105475,3,25,0,1.0,,1.0,,1.0,,1.0,,,
Aarhus,1.3496940185213204,3,25,0,1.0,1.0,,,,1.0,,1.0,1.0,
Aarhus,1.4863366867719487,3,25,0,1.0,1.0,1.0,1.0,1.0,,,1.0,1.0,
Aarhus,1.6296722160769026,3,25,0,1.0,1.0,,,,1.0,1.0,,,1.0
Aarhus,1.4631251869867572,2,25,0,,,,1.0,,,,,,
Aarhus,1.5467950410758333,2,25,0,,,,,,,,,,
Aarhus,1.3948860636238862,2,25,0,,,,,,,,1.0,,
Aarhus,1.6762381246536722,3,25,0,1.0,,1.0,,1.0,1.0,1.0,1.0,,
Aarhus,1.65596993685562,3,25,0,1.0,,,1.0,,,1.0,1.0,,1.0
Aarhus,1.6201294338156758,3,25,0,1.0,1.0,1.0,,,1.0,1.0,1.0,1.0,1.0
Aarhus,1.5643799719658023,1,25,0,1.0,1.0,1.0,1.0,1.0,1.0,1.0,1.0,1.0,1.0
Aarhus,1.6236696521160727,3,25,0,1.0,1.0,,1.0,,,,,,
Aarhus,1.4703929913246552,1,25,0,1.0,1.0,1.0,1.0,1.0,1.0,1.0,1.0,1.0,1.0
Aarhus,1.6098893653976154,1,25,0,1.0,1.0,1.0,1.0,1.0,1.0,1.0,1.0,1.0,1.0
Aarhus,1.5381809612625312,3,25,0,1.0,,,1.0,,1.0,1.0,,1.0,
Aarhus,1.564861903977575,3,25,0,1.0,1.0,1.0,1.0,1.0,1.0,1.0,1.0,1.0,1.0
Aarhus,1.5761933595328979,1,25,0,1.0,1.0,1.0,1.0,1.0,1.0,1.0,1.0,1.0,1.0
Aarhus,1.4168774740928365,3,25,0,1.0,,1.0,,1.0,1.0,,,,
Aarhus,1.7369763540973087,3,25,0,,1.0,1.0,,1.0,1.0,,,,
Aarhus,1.7208729419076207,3,25,0,1.0,,1.0,1.0,,1.0,,1.0,,1.0
Aarhus,1.7830943190668547,3,25,0,,,,,,,1.0,1.0,,1.0
Aarhus,1.5677925915123139,3,25,0,,,,,,,,1.0,,
Aarhus,1.796454195977749,3,25,0,1.0,1.0,1.0,1.0,1.0,,,1.0,,1.0
Aarhus,1.5479514043202451,1,25,0,1.0,1.0,1.0,1.0,1.0,1.0,1.0,1.0,1.0,1.0
Aarhus,1.5397947411918664,3,25,0,,1.0,1.0,1.0,,1.0,,,1.0,
Aarhus,1.4975345851317556,3,25,0,1.0,1.0,1.0,,,,1.0,1.0,,
Aarhus,1.5254704396359746,3,25,0,,,,1.0,,,,,,
Aarhus,1.3949909828756302,1,25,0,1.0,1.0,1.0,1.0,1.0,1.0,1.0,1.0,1.0,1.0
Aarhus,1.6202693265235855,3,25,0,,1.0,,1.0,,1.0,1.0,,,1.0
Aarhus,1.8184856304996437,2,25,0,,,,,,,,,,
Aarhus,1.5668314982372693,3,25,0,,,1.0,,1.0,1.0,,1.0,,1.0
Aarhus,1.4400190784548268,2,25,0,,1.0,,,,,,,,
Aarhus,1.5048929704852747,2,25,0,,,,,,,,,,
Aarhus,1.3477088800755608,3,25,0,1.0,1.0,,,1.0,1.0,1.0,,,
Aarhus,1.566483527370254,3,25,0,,1.0,,1.0,,1.0,,,,
Aarhus,1.4830427878810375,1,25,0,1.0,1.0,1.0,1.0,1.0,1.0,1.0,1.0,1.0,1.0
Aarhus,1.6725552180233654,2,25,0,,,,,,,,,,
Aarhus,1.5420279346403776,2,25,0,,1.0,,,,,,,,
Aarhus,1.3986541978747937,1,25,0,1.0,1.0,1.0,1.0,1.0,1.0,1.0,1.0,1.0,1.0
Aarhus,1.6932534868678477,3,25,0,,,1.0,,,,,,1.0,1.0
Aarhus,1.7873833124521106,2,25,0,,1.0,,,,,1.0,,,
Aarhus,1.5945610024961812,1,25,0,1.0,1.0,1.0,1.0,1.0,1.0,1.0,1.0,1.0,1.0
Aarhus,1.9534334138599767,3,25,0,,1.0,,,1.0,,,1.0,1.0,
Aarhus,1.5993711844405927,3,25,0,,,,,1.0,,,,,
Aarhus,1.7323307478685366,2,25,0,,,,,,,,,,
Aarhus,1.4000027120382696,3,25,0,,1.0,,,,,,1.0,,
Aarhus,1.4687595032206278,3,25,0,,1.0,,1.0,,1.0,,,1.0,1.0
Aarhus,1.916838456584123,3,25,0,1.0,1.0,,,,,1.0,1.0,,
Aarhus,1.5861683168380207,3,25,0,1.0,,1.0,1.0,1.0,,,1.0,1.0,1.0
Aarhus,1.4666934391865565,2,25,0,,,,,,,,,,
Aarhus,1.6898315397248107,2,25,0,,,,,,,,,,
Aarhus,1.5336939284535793,3,25,0,1.0,,,1.0,,1.0,,,1.0,
Aarhus,1.683347085947088,2,25,0,,,,,,1.0,,,1.0,
Aarhus,1.7875567316276069,3,25,0,,1.0,1.0,,,1.0,1.0,,1.0,
Aarhus,1.7871986226275527,1,25,0,1.0,1.0,1.0,1.0,1.0,1.0,1.0,1.0,1.0,1.0
Aarhus,1.4944445526189343,3,25,0,,,1.0,,1.0,,1.0,1.0,,1.0
Aarhus,1.335231266415651,2,25,0,,,,,1.0,,,,,
Aarhus,1.5593318480638945,3,25,0,1.0,1.0,1.0,1.0,,1.0,,1.0,1.0,1.0
Aarhus,1.4490109882734747,1,25,0,1.0,1.0,1.0,1.0,1.0,1.0,1.0,1.0,1.0,1.0
Aarhus,1.7090244708485758,1,25,0,1.0,1.0,1.0,1.0,1.0,1.0,1.0,1.0,1.0,1.0
Aarhus,1.516769577123211,2,25,0,,,,,,1.0,,,,1.0
Aarhus,1.634907329679364,3,25,0,1.0,,1.0,1.0,,,,,1.0,1.0
Aarhus,1.7550597588195884,3,25,0,1.0,,1.0,,1.0,,1.0,1.0,,
Aarhus,1.8026569562089485,1,25,0,1.0,1.0,1.0,1.0,1.0,1.0,1.0,1.0,1.0,1.0
Aarhus,1.372526935153599,3,25,0,,1.0,1.0,,1.0,1.0,1.0,1.0,,
Aarhus,1.5268874910750223,1,25,0,1.0,1.0,1.0,1.0,1.0,1.0,1.0,1.0,1.0,1.0
Aarhus,1.562164196622295,1,25,0,1.0,1.0,1.0,1.0,1.0,1.0,1.0,1.0,1.0,1.0
Aarhus,1.501533020222267,3,25,0,1.0,,,,1.0,1.0,,,,1.0
Aarhus,1.8020990659785991,1,25,0,1.0,1.0,1.0,1.0,1.0,1.0,1.0,1.0,1.0,1.0
Aarhus,1.3486276894000384,3,25,0,,1.0,1.0,,,,1.0,,,
Aarhus,1.344086011165405,3,25,0,1.0,1.0,1.0,,,1.0,,,1.0,1.0
Aarhus,1.5971335744919284,1,25,0,1.0,1.0,1.0,1.0,1.0,1.0,1.0,1.0,1.0,1.0
Aarhus,1.3409543573104779,2,25,0,,1.0,,,,,,,,
Albertslund,1.469816946523488,3,25,0,,1.0,,1.0,1.0,1.0,,,,1.0
Albertslund,1.7919575269864279,3,25,0,1.0,1.0,1.0,1.0,,1.0,,1.0,1.0,
Albertslund,1.776118159122591,2,25,0,,,,,,,,,1.0,
Albertslund,1.5800243053142515,3,25,0,,1.0,1.0,1.0,1.0,1.0,1.0,1.0,1.0,1.0
Assens,2.200066967456845,1,25,0,1.0,1.0,1.0,1.0,1.0,1.0,1.0,1.0,1.0,1.0
Assens,2.4840836272370326,2,25,0,,,,,,,1.0,,,
Assens,2.526447289781962,3,25,0,1.0,1.0,1.0,1.0,1.0,,1.0,,,
Assens,2.1552039346878513,2,25,0,,,,,,,,,,
Assens,2.181635006566783,1,25,0,1.0,1.0,1.0,1.0,1.0,1.0,1.0,1.0,1.0,1.0
Ballerup,1.8166165796655225,3,25,0,1.0,,,,,,1.0,,1.0,1.0
Ballerup,1.8088409116891817,1,25,0,1.0,1.0,1.0,1.0,1.0,1.0,1.0,1.0,1.0,1.0
Ballerup,1.5072666172931632,1,25,0,1.0,1.0,1.0,1.0,1.0,1.0,1.0,1.0,1.0,1.0
Ballerup,1.8958625273551002,2,25,0,,,,,,,,,,
Ballerup,1.8925408386308817,1,25,0,1.0,1.0,1.0,1.0,1.0,1.0,1.0,1.0,1.0,1.0
Ballerup,1.892868351471609,1,25,0,1.0,1.0,1.0,1.0,1.0,1.0,1.0,1.0,1.0,1.0
Ballerup,1.8945807412117486,1,25,0,1.0,1.0,1.0,1.0,1.0,1.0,1.0,1.0,1.0,1.0
Ballerup,1.7073024897712856,3,25,0,1.0,1.0,1.0,1.0,1.0,,1.0,1.0,,
Billund,1.5203795179668798,1,25,0,1.0,1.0,1.0,1.0,1.0,1.0,1.0,1.0,1.0,1.0
Billund,2.26404002094605,3,25,0,,,1.0,1.0,,,,1.0,1.0,1.0
Billund,1.7924999710893965,3,25,0,,,1.0,,,,1.0,,1.0,
Billund,1.4496927528736179,3,25,0,,,,,1.0,,,,1.0,
Esbjerg,1.7663573180518974,2,25,0,,,,,,,1.0,1.0,,
Esbjerg,1.7783581014151548,2,25,0,,,,,,,,,,1.0
Esbjerg,1.4667196333360666,3,25,0,1.0,,,1.0,1.0,1.0,,1.0,1.0,
Esbjerg,1.3534260326315677,3,25,0,1.0,,,1.0,,,1.0,1.0,1.0,
Esbjerg,1.6265055529692767,3,25,0,,1.0,1.0,,,1.0,,1.0,1.0,
Esbjerg,1.763811071912772,2,25,0,,,,1.0,,,1.0,,,
Esbjerg,1.78912291898347,1,25,0,1.0,1.0,1.0,1.0,1.0,1.0,1.0,1.0,1.0,1.0
Esbjerg,1.5201646661702584,1,25,0,1.0,1.0,1.0,1.0,1.0,1.0,1.0,1.0,1.0,1.0
Esbjerg,1.7753648122687824,2,25,0,,1.0,,,1.0,,,,,
Esbjerg,1.8350069397463002,3,25,0,1.0,1.0,1.0,,,1.0,,,,
Esbjerg,1.644279331473668,1,25,0,1.0,1.0,1.0,1.0,1.0,1.0,1.0,1.0,1.0,1.0
Esbjerg,1.8848969532701891,3,25,0,,1.0,,,,,1.0,,1.0,
Esbjerg,1.8264390353960571,3,25,0,1.0,1.0,1.0,,,,,1.0,1.0,
Esbjerg,1.429716483117076,3,25,0,,,1.0,1.0,1.0,,1.0,,,1.0
Esbjerg,1.7263626393313467,3,25,0,1.0,1.0,1.0,1.0,,1.0,,,1.0,
Esbjerg,1.660296582219853,3,25,0,1.0,,,1.0,1.0,,1.0,,,
Esbjerg,1.8152986189374862,1,25,0,1.0,1.0,1.0,1.0,1.0,1.0,1.0,1.0,1.0,1.0
Fredericia,1.704719369813686,3,25,0,,,,1.0,,,,,,1.0
Fredericia,2.102105770631739,3,25,0,1.0,,,1.0,1.0,,,,,
Fredericia,1.9482944683034524,1,25,0,1.0,1.0,1.0,1.0,1.0,1.0,1.0,1.0,1.0,1.0
Fredericia,1.7582130469892079,2,25,0,,,,,,,,,,
Fredericia,2.044985831355733,3,25,0,,,,,1.0,,,,1.0,
Fredericia,1.6075810789989384,1,25,0,1.0,1.0,1.0,1.0,1.0,1.0,1.0,1.0,1.0,1.0
Fredericia,1.7673631853348286,2,25,0,,,,,,,,,,
Fredericia,1.9525659127129724,3,25,0,,1.0,1.0,,1.0,1.0,1.0,,1.0,1.0
Frederiksberg,1.3782960875776376,3,25,0,1.0,,,1.0,1.0,1.0,,,1.0,1.0
Frederiksberg,1.1582231975860644,3,25,0,,1.0,,1.0,,,1.0,1.0,,
Frederiksberg,1.3869080582249298,2,25,0,,,1.0,,,,,,,
Frederiksberg,1.7082650025475226,1,25,0,1.0,1.0,1.0,1.0,1.0,1.0,1.0,1.0,1.0,1.0
Frederiksberg,1.3804868251247338,2,25,0,,1.0,,,,,,,,
Frederiksberg,1.1993269265073858,1,25,0,1.0,1.0,1.0,1.0,1.0,1.0,1.0,1.0,1.0,1.0
Frederiksberg,1.6542960014167964,3,25,0,,,,,1.0,,1.0,,1.0,
Frederiksberg,1.1956009012509095,1,25,0,1.0,1.0,1.0,1.0,1.0,1.0,1.0,1.0,1.0,1.0
Frederiksberg,1.4490536028967904,2,25,0,1.0,,,,,,,,,
Frederiksberg,1.5979193701693222,3,25,0,1.0,1.0,,,,1.0,,,,1.0
Frederiksberg,1.521510737629722,1,25,0,1.0,1.0,1.0,1.0,1.0,1.0,1.0,1.0,1.0,1.0
Frederiksberg,1.608484193663172,3,25,0,,1.0,,,,,1.0,,1.0,
Frederiksberg,1.424060059932962,3,25,0,1.0,1.0,1.0,,,,,1.0,1.0,
Frederiksberg,1.4217598152234412,1,25,0,1.0,1.0,1.0,1.0,1.0,1.0,1.0,1.0,1.0,1.0
Frederiksberg,1.3365349320468487,1,25,0,1.0,1.0,1.0,1.0,1.0,1.0,1.0,1.0,1.0,1.0
Frederiksberg,1.278473946516386,3,25,0,,,,,1.0,,,,1.0,
Frederiksberg,1.345005293943187,3,25,0,1.0,,1.0,1.0,1.0,1.0,,1.0,1.0,1.0
Frederiksberg,1.4980579725490077,3,25,0,,,,,,1.0,,,1.0,1.0
Frederiksberg,1.3912423356656278,1,25,0,1.0,1.0,1.0,1.0,1.0,1.0,1.0,1.0,1.0,1.0
Frederiksberg,1.5716651308088896,3,25,0,,1.0,1.0,,,,,,1.0,
Frederiksberg,1.5410566460375243,1,25,0,1.0,1.0,1.0,1.0,1.0,1.0,1.0,1.0,1.0,1.0
Frederikshavn,1.5854222265409874,1,25,0,1.0,1.0,1.0,1.0,1.0,1.0,1.0,1.0,1.0,1.0
Frederikshavn,2.2848039328852923,1,25,0,1.0,1.0,1.0,1.0,1.0,1.0,1.0,1.0,1.0,1.0
Frederikshavn,1.7479986680058333,2,25,0,,,,,,,,,,
Frederikshavn,1.6911404984670477,3,25,0,1.0,1.0,,,1.0,1.0,,1.0,,1.0
Frederikshavn,1.9305640993345763,3,25,0,,1.0,1.0,1.0,1.0,1.0,,1.0,,
Frederikshavn,1.7719227495020597,1,25,0,1.0,1.0,1.0,1.0,1.0,1.0,1.0,1.0,1.0,1.0
Frederikshavn,2.1298356066096362,1,25,0,1.0,1.0,1.0,1.0,1.0,1.0,1.0,1.0,1.0,1.0
Frederikssund,1.728102609904559,3,25,0,1.0,1.0,1.0,1.0,1.0,1.0,1.0,,1.0,
Frederikssund,2.006870580273612,3,25,0,,,1.0,1.0,,,1.0,,,1.0
Frederikssund,1.7429564287124562,3,25,0,,,1.0,,,1.0,,1.0,1.0,
Frederikssund,2.155766211678808,3,25,0,,,1.0,1.0,,1.0,1.0,1.0,1.0,
Frederikssund,2.071849104241894,3,25,0,,,,,,,1.0,1.0,1.0,1.0
Frederikssund,2.251668071479548,3,25,0,,,1.0,,,,,,,
Gentofte,1.701805981933613,3,25,0,1.0,1.0,,1.0,1.0,,1.0,,1.0,1.0
Gentofte,1.8189728306253914,3,25,0,,,1.0,,,1.0,1.0,,,1.0
Gentofte,1.7889465057626437,2,25,0,,,,,,,,,,
Gentofte,1.6405313833247168,3,25,0,,1.0,,,1.0,,1.0,1.0,,
Gentofte,1.8685628688035383,3,25,0,1.0,1.0,1.0,,1.0,,,,1.0,1.0
Gentofte,1.805843349021679,3,25,0,1.0,,,1.0,,,,,1.0,1.0
Gentofte,2.0869721668366124,3,25,0,,,1.0,1.0,,1.0,,,,1.0
Gentofte,2.1401588967463745,2,25,0,,,,,,,,,,1.0
Gentofte,1.924320138850818,2,25,0,1.0,,,,,,,,,
Gentofte,1.991414245165263,2,25,0,,,1.0,,,1.0,,,,
Gentofte,1.9194119565448313,2,25,0,,,,,,,,,,
Gladsaxe,1.9649731065690133,1,25,0,1.0,1.0,1.0,1.0,1.0,1.0,1.0,1.0,1.0,1.0
Gladsaxe,2.2346793362174413,1,25,0,1.0,1.0,1.0,1.0,1.0,1.0,1.0,1.0,1.0,1.0
Gladsaxe,2.1563615710973063,1,25,0,1.0,1.0,1.0,1.0,1.0,1.0,1.0,1.0,1.0,1.0
Gladsaxe,1.676326378239024,3,25,0,1.0,1.0,1.0,,1.0,1.0,,1.0,,1.0
Gladsaxe,2.2292833797398557,3,25,0,1.0,,1.0,,1.0,,1.0,1.0,,
Gladsaxe,1.810172959383214,3,25,0,1.0,,1.0,,,1.0,1.0,,,
Gladsaxe,1.8478852430578798,3,25,0,,1.0,,,1.0,1.0,1.0,,1.0,1.0
Gladsaxe,1.5723245409737072,1,25,0,1.0,1.0,1.0,1.0,1.0,1.0,1.0,1.0,1.0,1.0
Gladsaxe,2.250000162077376,3,25,0,,,,1.0,1.0,,1.0,1.0,1.0,
Gladsaxe,1.9908864720281416,1,25,0,1.0,1.0,1.0,1.0,1.0,1.0,1.0,1.0,1.0,1.0
Gladsaxe,1.7526425566728712,2,25,0,,,,,,,,,,
Gladsaxe,2.249349180263043,3,25,0,1.0,1.0,1.0,,,,,1.0,1.0,
Glostrup,1.6574445341983972,3,25,0,1.0,1.0,1.0,,1.0,,,1.0,1.0,1.0
Glostrup,1.9395148147918464,1,25,0,1.0,1.0,1.0,1.0,1.0,1.0,1.0,1.0,1.0,1.0
Glostrup,1.7712184878484696,2,25,0,,,,,,1.0,,,,
Greve,1.8894265434542312,2,25,0,,,,,,,,,,
Greve,1.9010176661438167,2,25,0,,,,,,,,,,
Greve,1.6775150412872404,2,25,0,,,,,,,,,,
Greve,2.066475821879341,3,25,0,,,,,,1.0,,1.0,1.0,1.0
Greve,1.6654178210418282,1,25,0,1.0,1.0,1.0,1.0,1.0,1.0,1.0,1.0,1.0,1.0
Greve,1.8562632286144232,3,25,0,1.0,1.0,,1.0,1.0,,1.0,,1.0,
Greve,1.6729135095712317,1,25,0,1.0,1.0,1.0,1.0,1.0,1.0,1.0,1.0,1.0,1.0
Greve,1.5730380378512325,3,25,0,1.0,,1.0,,1.0,,,1.0,1.0,
Haderslev,1.4162826323407511,3,25,0,1.0,1.0,,,,1.0,1.0,1.0,1.0,1.0
Haderslev,1.5275536477636256,3,25,0,1.0,1.0,1.0,,1.0,1.0,1.0,,1.0,1.0
Haderslev,1.4377869165140946,1,25,0,1.0,1.0,1.0,1.0,1.0,1.0,1.0,1.0,1.0,1.0
Haderslev,1.657749196673325,2,25,0,,,,,,,,,,
Haderslev,1.7141905156095398,3,25,0,,,,1.0,1.0,,1.0,,1.0,1.0
Haderslev,1.5961867411899329,3,25,0,1.0,,1.0,1.0,,1.0,1.0,1.0,,
Haderslev,1.90586794753025,3,25,0,,,1.0,,,,1.0,1.0,1.0,1.0
Haderslev,1.8454066512840162,2,25,0,1.0,,,,,,,,,
Hedensted,1.911697597250036,2,25,0,,,,,1.0,,,,,
Hedensted,2.323152460221673,3,25,0,,1.0,1.0,,1.0,,,1.0,1.0,
Hedensted,2.100989509731904,3,25,0,1.0,,1.0,1.0,1.0,,1.0,1.0,,1.0
Hedensted,2.0507012978109116,3,25,0,,,1.0,1.0,1.0,1.0,1.0,1.0,1.0,
Hedensted,2.4542116146857635,3,25,0,1.0,,,,,1.0,1.0,1.0,,
Hedensted,2.0728034649349194,3,25,0,,,,1.0,1.0,,1.0,,,
Hedensted,1.7225274788125506,3,25,0,,1.0,1.0,,,,,,1.0,
Herlev,1.8997739066758124,3,25,0,1.0,,1.0,1.0,1.0,1.0,1.0,1.0,1.0,1.0
Herlev,2.1912736605216137,3,25,0,1.0,1.0,,1.0,,,1.0,,,1.0
Herlev,1.9893128862942548,1,25,0,1.0,1.0,1.0,1.0,1.0,1.0,1.0,1.0,1.0,1.0
Herlev,1.497682747334671,3,25,0,1.0,,1.0,1.0,,1.0,,,,1.0
Herlev,1.9695699405622136,1,25,0,1.0,1.0,1.0,1.0,1.0,1.0,1.0,1.0,1.0,1.0
Herning,2.127426428703566,1,25,0,1.0,1.0,1.0,1.0,1.0,1.0,1.0,1.0,1.0,1.0
Herning,1.9295984923093048,2,25,0,,,,,,,,,,1.0
Herning,2.2019692076049875,2,25,0,1.0,,,,,,,,,
Herning,1.9465975107031788,3,25,0,1.0,1.0,1.0,,1.0,,1.0,1.0,1.0,1.0
Herning,1.8084380113948169,3,25,0,,,1.0,,1.0,,1.0,1.0,,1.0
Herning,1.756099810496327,3,25,0,1.0,1.0,1.0,1.0,1.0,,,,,1.0
Herning,2.0176870545187024,3,25,0,,1.0,,1.0,1.0,1.0,,,,1.0
Herning,1.8602951817961502,3,25,0,1.0,1.0,1.0,,1.0,,,,,1.0
Herning,2.110385060362365,3,25,0,1.0,1.0,,,1.0,,,1.0,,
Herning,2.3461700365880067,3,25,0,,,,1.0,1.0,,1.0,,1.0,1.0
Herning,2.03499880301151,2,25,0,,,,,,,,,,
Herning,2.0863796785466464,3,25,0,1.0,,1.0,,1.0,1.0,1.0,1.0,,
Herning,2.1233259865820777,3,25,0,1.0,,,,1.0,,,1.0,,1.0
Herning,1.7471096002036872,1,25,0,1.0,1.0,1.0,1.0,1.0,1.0,1.0,1.0,1.0,1.0
Holstebro,1.7241080965554971,3,25,0,1.0,1.0,1.0,,1.0,1.0,1.0,,1.0,1.0
Holstebro,1.4882418713624772,3,25,0,1.0,,1.0,1.0,,1.0,1.0,1.0,1.0,1.0
Holstebro,1.8181861787487181,3,25,0,,,,1.0,,,,1.0,1.0,
Holstebro,1.9089235113061624,3,25,0,,,1.0,1.0,,1.0,1.0,,,
Holstebro,1.7273207308966834,3,25,0,1.0,,,,,1.0,1.0,,1.0,1.0
Holstebro,2.0780222866526703,3,25,0,1.0,1.0,1.0,1.0,,1.0,1.0,1.0,,
Holstebro,2.049570642285757,2,25,0,,,,,,,1.0,,,
Holstebro,1.6699393712079067,3,25,0,,1.0,1.0,,1.0,1.0,,,1.0,1.0
Holstebro,1.5258207013846552,2,25,0,,,1.0,,1.0,,,,,
Horsens,1.4437754001443097,2,25,0,,,,,,,,,1.0,
Horsens,1.2560666168656565,3,25,0,,1.0,,1.0,1.0,1.0,,1.0,1.0,1.0
Horsens,1.8416849846379786,3,25,0,,,1.0,,,1.0,,,,
Horsens,1.9432158359991407,2,25,0,,,,,,,,,,
Horsens,1.529666430751878,1,25,0,1.0,1.0,1.0,1.0,1.0,1.0,1.0,1.0,1.0,1.0
Horsens,1.9714274625248687,3,25,0,1.0,,1.0,1.0,,,,1.0,,1.0
Horsens,2.0778132764005206,3,25,0,1.0,,1.0,1.0,,1.0,1.0,,,
Horsens,1.7453355387020504,3,25,0,1.0,1.0,1.0,,,,,,1.0,1.0
Horsens,1.739275131410438,1,25,0,1.0,1.0,1.0,1.0,1.0,1.0,1.0,1.0,1.0,1.0
Horsens,1.510584053711768,3,25,0,,,,1.0,,1.0,1.0,1.0,,1.0
Horsens,1.7838829993090919,3,25,0,1.0,1.0,1.0,,,1.0,1.0,,,
Horsens,1.696390482238288,2,25,0,,,,,,,,,,
Horsens,1.5824231461521672,1,25,0,1.0,1.0,1.0,1.0,1.0,1.0,1.0,1.0,1.0,1.0
Horsens,1.5748572103605623,2,25,0,,,,,,,,,,
Horsens,1.8011959387114416,3,25,0,1.0,,,1.0,,,1.0,,,
Horsens,1.6650180713773832,2,25,0,,,,1.0,,,,,,
Hvidovre,1.7769181213713638,3,25,0,,1.0,,1.0,,,1.0,,1.0,
Hvidovre,2.0853831878748865,3,25,0,1.0,1.0,,1.0,,,1.0,1.0,1.0,
Hvidovre,1.8219955780961496,3,25,0,,,,,1.0,,1.0,,1.0,
Hvidovre,1.610632708738298,2,25,0,1.0,,,,,,,,,
Hvidovre,1.7637803513755925,1,25,0,1.0,1.0,1.0,1.0,1.0,1.0,1.0,1.0,1.0,1.0
Hvidovre,1.6812263370501892,3,25,0,1.0,1.0,,,1.0,1.0,1.0,,,1.0
Hvidovre,1.835054446606775,3,25,0,,1.0,,,,1.0,,,1.0,
Hvidovre,1.456118425484986,3,25,0,1.0,1.0,,,1.0,1.0,1.0,,,
Hvidovre,1.5305228141239249,3,25,0,1.0,1.0,1.0,1.0,,,1.0,1.0,,
Kalundborg,2.1622526702421947,3,25,0,1.0,1.0,1.0,,1.0,,1.0,,,1.0
Kalundborg,2.5455093036834904,1,25,0,1.0,1.0,1.0,1.0,1.0,1.0,1.0,1.0,1.0,1.0
Kalundborg,1.9774354984923597,2,25,0,,,,,,,,,,
Kalundborg,1.7560920549610537,1,25,0,1.0,1.0,1.0,1.0,1.0,1.0,1.0,1.0,1.0,1.0
Kalundborg,2.259955742330127,3,25,0,,1.0,,1.0,,,1.0,,1.0,1.0
Kalundborg,2.270090154828317,3,25,0,1.0,1.0,1.0,,,1.0,,1.0,1.0,
Kerteminde,1.6511665115700547,1,25,0,1.0,1.0,1.0,1.0,1.0,1.0,1.0,1.0,1.0,1.0
Kerteminde,1.5787895571271,2,25,0,,,,,,,,,,
Kerteminde,1.8547530575388853,1,25,0,1.0,1.0,1.0,1.0,1.0,1.0,1.0,1.0,1.0,1.0
Kolding,1.750360611736212,1,25,0,1.0,1.0,1.0,1.0,1.0,1.0,1.0,1.0,1.0,1.0
Kolding,1.540443606643657,3,25,0,,,,,,1.0,1.0,,,
Kolding,1.7320440109931579,3,25,0,1.0,1.0,,,,,,1.0,1.0,1.0
Kolding,1.6070446078546692,2,25,0,,1.0,,,,,,,,
Kolding,1.5625212596280815,3,25,0,1.0,,,,,1.0,,,1.0,1.0
Kolding,1.5628483156338533,3,25,0,1.0,1.0,1.0,,,1.0,1.0,1.0,,1.0
Kolding,1.6954791034840042,3,25,0,,,1.0,1.0,,,1.0,,1.0,1.0
Kolding,1.8526924750261122,3,25,0,1.0,1.0,,1.0,,1.0,1.0,,,1.0
Kolding,1.523153475548982,1,25,0,1.0,1.0,1.0,1.0,1.0,1.0,1.0,1.0,1.0,1.0
Kolding,1.5990943015264816,2,25,0,,1.0,,,,,,,,
Kolding,1.6720721252731399,3,25,0,1.0,,,1.0,1.0,1.0,,,1.0,1.0
Kolding,1.6165280227796008,2,25,0,1.0,,,,,,,,,
Kolding,1.7828138445471167,3,25,0,1.0,,1.0,,1.0,,1.0,1.0,1.0,
Kolding,1.5821558569287266,1,25,0,1.0,1.0,1.0,1.0,1.0,1.0,1.0,1.0,1.0,1.0
Kolding,1.6301372348249876,2,25,0,,,,,,,,,,
Lejre,2.2240515520248523,3,25,0,,1.0,1.0,,1.0,1.0,,1.0,1.0,
Lejre,2.2696664045330865,3,25,0,1.0,1.0,,1.0,1.0,1.0,1.0,,1.0,1.0
Lejre,2.01995302344572,3,25,0,,,,,1.0,,1.0,,,
Lejre,2.140428426512071,2,25,0,,,,,,,1.0,,,
Lemvig,1.8576629469486168,1,25,0,1.0,1.0,1.0,1.0,1.0,1.0,1.0,1.0,1.0,1.0
Lemvig,2.256716329479548,3,25,0,1.0,1.0,,,,1.0,1.0,,,1.0
Middelfart,1.832749306267687,3,25,0,1.0,1.0,,,1.0,1.0,1.0,,1.0,1.0
Middelfart,1.9357565716640859,3,25,0,,,1.0,1.0,1.0,,,,,1.0
Middelfart,1.9979788961898677,3,25,0,,1.0,,1.0,1.0,,1.0,1.0,1.0,
Middelfart,2.007023490101451,1,25,0,1.0,1.0,1.0,1.0,1.0,1.0,1.0,1.0,1.0,1.0
Middelfart,1.8671026904368535,3,25,0,1.0,,,1.0,,1.0,1.0,1.0,,1.0
Nyborg,1.3702748230055999,2,25,0,,,,,,,,,,
Nyborg,1.8697103508255593,3,25,0,1.0,1.0,1.0,,,1.0,1.0,1.0,1.0,
Nyborg,1.8788739686121698,1,25,0,1.0,1.0,1.0,1.0,1.0,1.0,1.0,1.0,1.0,1.0
Nyborg,1.9699978904795477,3,25,0,,1.0,,1.0,,1.0,,1.0,1.0,1.0
Odder,2.5270658743715995,3,25,0,,,1.0,1.0,,1.0,,1.0,,1.0
Odder,2.313247442005573,3,25,0,,,,1.0,,1.0,,1.0,,1.0
Odder,2.3320772172067072,2,25,0,,,,,,,,,,
Odense,1.6207740764118619,3,25,0,,1.0,,1.0,1.0,,1.0,1.0,1.0,
Odense,1.8474080584767658,3,25,0,,1.0,1.0,,,1.0,,1.0,1.0,1.0
Odense,1.5139381545185016,3,25,0,,1.0,,,1.0,,1.0,,,1.0
Odense,1.546134878837189,3,25,0,,1.0,,1.0,1.0,1.0,,,1.0,1.0
Odense,1.453554713930254,1,25,0,1.0,1.0,1.0,1.0,1.0,1.0,1.0,1.0,1.0,1.0
Odense,1.3691060308405798,1,25,0,1.0,1.0,1.0,1.0,1.0,1.0,1.0,1.0,1.0,1.0
Odense,1.4370311645832998,3,25,0,,1.0,,1.0,,1.0,,,1.0,1.0
Odense,1.3654953309044748,3,25,0,,,1.0,1.0,1.0,,1.0,,1.0,
Odense,1.2674922132109583,3,25,0,,,,1.0,,1.0,,1.0,,
Odense,1.7897666883913348,3,25,0,,1.0,1.0,,1.0,,1.0,,,
Odense,1.6514468748205737,1,25,0,1.0,1.0,1.0,1.0,1.0,1.0,1.0,1.0,1.0,1.0
Odense,1.5898319779300107,3,25,0,,,1.0,1.0,,1.0,1.0,,1.0,
Odense,1.7235164190829655,1,25,0,1.0,1.0,1.0,1.0,1.0,1.0,1.0,1.0,1.0,1.0
Odense,1.4473381675855368,1,25,0,1.0,1.0,1.0,1.0,1.0,1.0,1.0,1.0,1.0,1.0
Odense,1.5686986155707696,2,25,0,,,,,,,,,,
Odense,1.6896736913175983,3,25,0,1.0,1.0,,,,,1.0,,,
Odense,1.7102550325054235,3,25,0,,1.0,1.0,1.0,,1.0,1.0,1.0,1.0,1.0
Odense,1.5637531359562036,3,25,0,,,1.0,,,1.0,,,1.0,1.0
Odense,1.3134749882027754,3,25,0,,,1.0,1.0,1.0,,1.0,,,
Odense,1.9740339450348179,3,25,0,,1.0,1.0,,,,1.0,,,
Odense,1.4830505313680977,2,25,0,,,,,,,,,,
Odense,1.939366609365724,3,25,0,1.0,,1.0,1.0,,1.0,1.0,,1.0,1.0
Odense,1.8517134763926781,2,25,0,,,,,,,,,,
Odense,1.3794323985634394,2,25,0,,,,,,,,,,
Odense,1.5840714612513536,1,25,0,1.0,1.0,1.0,1.0,1.0,1.0,1.0,1.0,1.0,1.0
Odense,1.5512705358182015,3,25,0,1.0,,,,,,1.0,,1.0,1.0
Odense,1.4387645245877323,2,25,0,,,,,,,,,,
Odense,1.4030961626416039,3,25,0,,1.0,,,,,,1.0,1.0,
Odense,1.8468843535347508,1,25,0,1.0,1.0,1.0,1.0,1.0,1.0,1.0,1.0,1.0,1.0
Odense,1.2888146347337623,2,25,0,,,,,,,,,,
Odense,1.7090967073433363,3,25,0,,,1.0,1.0,,,1.0,,,
Odense,1.5574553159917135,3,25,0,,,,1.0,1.0,,,,,
Odense,1.4833652866420333,3,25,0,,,1.0,1.0,,1.0,,,1.0,1.0
Odense,1.4608476424254007,1,25,0,1.0,1.0,1.0,1.0,1.0,1.0,1.0,1.0,1.0,1.0
Odense,1.726074509237202,2,25,0,,,,,,1.0,,,,
Odense,1.689991847765482,1,25,0,1.0,1.0,1.0,1.0,1.0,1.0,1.0,1.0,1.0,1.0
Odense,1.601978005560203,3,25,0,,1.0,,1.0,,,,1.0,,1.0
Odense,1.9109156516897086,1,25,0,1.0,1.0,1.0,1.0,1.0,1.0,1.0,1.0,1.0,1.0
Odense,1.4281315200707374,2,25,0,,,,,,,,,,
Odense,1.5111204207399154,2,25,0,,,,,,,,,,
Randers,1.8503105418968682,3,25,0,,1.0,1.0,,1.0,,1.0,1.0,1.0,
Randers,1.9410143835302451,3,25,0,1.0,1.0,1.0,1.0,,1.0,,1.0,,1.0
Randers,1.84438948176478,2,25,0,,,,,,,,,,
Randers,1.8330137351532552,1,25,0,1.0,1.0,1.0,1.0,1.0,1.0,1.0,1.0,1.0,1.0
Randers,1.6220080935796883,1,25,0,1.0,1.0,1.0,1.0,1.0,1.0,1.0,1.0,1.0,1.0
Randers,1.760610923351573,1,25,0,1.0,1.0,1.0,1.0,1.0,1.0,1.0,1.0,1.0,1.0
Randers,1.3513920977865392,2,25,0,,,,,,,1.0,,,
Randers,1.7675924880833755,1,25,0,1.0,1.0,1.0,1.0,1.0,1.0,1.0,1.0,1.0,1.0
Randers,1.5066052226242497,3,25,0,,,,,,1.0,,,,1.0
Randers,1.745682358852829,3,25,0,,1.0,,1.0,,1.0,1.0,,1.0,1.0
Randers,1.4628343379538447,3,25,0,1.0,1.0,,,,1.0,,1.0,,1.0
Randers,1.763177826684058,1,25,0,1.0,1.0,1.0,1.0,1.0,1.0,1.0,1.0,1.0,1.0
Randers,1.6922136226213222,2,25,0,,,,,,,,,,
Randers,2.0533226606331074,2,25,0,,,,,,,,,,
Randers,1.5512844175044196,3,25,0,,,,1.0,1.0,,1.0,,,1.0
Randers,1.7342675639669092,2,25,0,,,,,,1.0,,,,
Ringsted,2.122884065563515,2,25,0,,,,,,,,,,
Ringsted,1.967690743894987,3,25,0,,,1.0,1.0,,,1.0,1.0,,1.0
Ringsted,2.307780406042462,2,25,0,,,,,,,,,,
Ringsted,2.1498241560729388,3,25,0,,,,,1.0,,1.0,,1.0,1.0
Ringsted,1.9811312239858094,1,25,0,1.0,1.0,1.0,1.0,1.0,1.0,1.0,1.0,1.0,1.0
Roskilde,1.729447025809603,3,25,0,,1.0,1.0,,1.0,1.0,,,,1.0
Roskilde,1.7042184777441112,1,25,0,1.0,1.0,1.0,1.0,1.0,1.0,1.0,1.0,1.0,1.0
Roskilde,2.037363814318536,3,25,0,1.0,,,,1.0,,,,,1.0
Roskilde,1.4867248511651843,3,25,0,,1.0,,,1.0,1.0,,1.0,,
Roskilde,1.616722398969024,3,25,0,1.0,1.0,,1.0,,1.0,1.0,1.0,1.0,
Roskilde,1.863997796455614,3,25,0,1.0,1.0,,1.0,,,,,,
Roskilde,1.5414187659862737,3,25,0,1.0,1.0,,,1.0,,,1.0,1.0,1.0
Roskilde,1.6660626035183832,3,25,0,1.0,1.0,1.0,1.0,,1.0,,1.0,1.0,1.0
Roskilde,1.8023569845583387,1,25,0,1.0,1.0,1.0,1.0,1.0,1.0,1.0,1.0,1.0,1.0
Roskilde,1.8958583632145922,2,25,0,,,,,,,,,,
Roskilde,1.4255074739237195,1,25,0,1.0,1.0,1.0,1.0,1.0,1.0,1.0,1.0,1.0,1.0
Roskilde,1.6955282708656048,3,25,0,1.0,1.0,,1.0,1.0,,,1.0,,
Roskilde,1.3138627068005047,3,25,0,,1.0,1.0,1.0,1.0,1.0,,,,
Roskilde,1.8931449786091705,2,25,0,,,,,,,,,,
Silkeborg,2.2063177456103626,3,25,0,,1.0,,1.0,,,1.0,,1.0,1.0
Silkeborg,1.8377407713852092,3,25,0,,1.0,1.0,1.0,,1.0,1.0,,1.0,
Silkeborg,1.6612200625771902,2,25,0,,,,,,,,,1.0,
Silkeborg,1.6391876174207802,3,25,0,,1.0,1.0,,,,,,1.0,1.0
Silkeborg,1.838529162532372,3,25,0,1.0,,,1.0,,,,,1.0,
Silkeborg,1.8688530454203056,2,25,0,1.0,,,,,,,,,
Silkeborg,1.7591985536768855,2,25,0,,,,,,,,,,
Silkeborg,1.830346292674562,3,25,0,1.0,1.0,1.0,1.0,,1.0,1.0,1.0,,
Silkeborg,2.1854283192309,3,25,0,,1.0,,1.0,,,1.0,1.0,1.0,1.0
Silkeborg,2.094601189655835,3,25,0,,1.0,,1.0,,1.0,,,1.0,
Silkeborg,2.3029718399761014,2,25,0,1.0,,,,,,,,,
Silkeborg,2.0837486739927713,1,25,0,1.0,1.0,1.0,1.0,1.0,1.0,1.0,1.0,1.0,1.0
Silkeborg,1.950209652103984,3,25,0,,1.0,1.0,,,,1.0,,1.0,
Silkeborg,1.950596472780619,3,25,0,1.0,,,,1.0,1.0,1.0,,,1.0
Silkeborg,1.6412160757310186,3,25,0,1.0,1.0,1.0,1.0,,1.0,,1.0,1.0,
Silkeborg,1.7894261524251978,3,25,0,,,,1.0,,1.0,,,1.0,1.0
Skanderborg,2.3180808164347475,3,25,0,,,,1.0,,1.0,,,1.0,1.0
Skanderborg,1.72817248088189,3,25,0,1.0,,1.0,,,,,1.0,1.0,
Skanderborg,2.2432879493580833,3,25,0,1.0,,,,,,1.0,1.0,1.0,
Skanderborg,1.9478447943511115,2,25,0,,,,,,,,,,
Skanderborg,2.5948086030876927,3,25,0,1.0,1.0,,1.0,,,1.0,,,
Skanderborg,2.394449206725826,1,25,0,1.0,1.0,1.0,1.0,1.0,1.0,1.0,1.0,1.0,1.0
Skanderborg,2.2619981797014392,1,25,0,1.0,1.0,1.0,1.0,1.0,1.0,1.0,1.0,1.0,1.0
Skanderborg,2.316612280065579,3,25,0,,1.0,,1.0,,1.0,,,,1.0
Skanderborg,1.9098068328560145,3,25,0,1.0,,1.0,1.0,,,,1.0,1.0,1.0
Skanderborg,2.0789307488482467,3,25,0,1.0,1.0,1.0,1.0,1.0,,1.0,1.0,1.0,1.0
Skive,1.8958954747278456,3,25,0,,,1.0,1.0,1.0,,,1.0,1.0,
Skive,1.9433901390287138,3,25,0,,,,1.0,,1.0,,,1.0,
Skive,1.469887406297119,3,25,0,,1.0,1.0,,,,,1.0,1.0,1.0
Skive,1.8859775852545486,1,25,0,1.0,1.0,1.0,1.0,1.0,1.0,1.0,1.0,1.0,1.0
Skive,1.8627653953638281,2,25,0,,,,,,,,,,1.0
Skive,1.6106413719439905,3,25,0,,1.0,1.0,,,1.0,,,1.0,1.0
Slagelse,1.3927328909663221,3,25,0,1.0,,1.0,1.0,1.0,,,,,
Slagelse,1.4906633209582203,3,25,0,,1.0,1.0,1.0,1.0,,,1.0,1.0,1.0
Slagelse,1.7763252976908777,3,25,0,1.0,,1.0,,,,1.0,,,1.0
Slagelse,1.747065734637267,3,25,0,1.0,1.0,,,,,,,,
Slagelse,1.6411195894463666,2,25,0,,,,,,,,,,
Slagelse,1.7862554945646218,3,25,0,1.0,1.0,,1.0,,1.0,1.0,,,1.0
Slagelse,1.7166835932918694,3,25,0,1.0,,,,,1.0,,1.0,,
Slagelse,1.9237451631589164,3,25,0,1.0,,1.0,,,1.0,,1.0,,
Slagelse,1.6930200458185936,3,25,0,1.0,1.0,1.0,,1.0,,1.0,,,1.0
Slagelse,1.5734725686810613,2,25,0,,,,,,,,,,1.0
Slagelse,1.596137648210422,1,25,0,1.0,1.0,1.0,1.0,1.0,1.0,1.0,1.0,1.0,1.0
Slagelse,1.576886881333685,3,25,0,,,,1.0,,1.0,,,1.0,
Stevns,2.052677338406288,3,25,0,1.0,,,1.0,1.0,,,,1.0,
Stevns,2.176701276042039,1,25,0,1.0,1.0,1.0,1.0,1.0,1.0,1.0,1.0,1.0,1.0
Stevns,2.346504184287137,3,25,0,1.0,,,1.0,,,,,,1.0
Struer,2.169380446835312,3,25,0,1.0,,,,1.0,1.0,1.0,,,1.0
Struer,2.207218646454234,3,25,0,1.0,,,1.0,1.0,,1.0,,,1.0
Svendborg,2.000730163733352,3,25,0,,,1.0,,1.0,,1.0,1.0,,1.0
Svendborg,1.88589300757407,3,25,0,1.0,,1.0,,,,1.0,1.0,1.0,
Svendborg,1.7982648745007734,3,25,0,,,1.0,1.0,1.0,1.0,1.0,,1.0,
Svendborg,1.902730138517959,2,25,0,,,,,,,,,,
Svendborg,1.6840385212173732,3,25,0,,,1.0,,,1.0,,1.0,,
Svendborg,2.1642250198569055,3,25,0,1.0,1.0,1.0,,1.0,1.0,1.0,1.0,1.0,1.0
Svendborg,1.7436181646028528,3,25,0,1.0,1.0,1.0,,1.0,,,1.0,1.0,
Svendborg,1.7126873847795794,3,25,0,,,1.0,,1.0,1.0,1.0,1.0,1.0,
Thisted,2.423468489127505,3,25,0,,,,,,1.0,,,1.0,1.0
Thisted,2.280908883141719,3,25,0,1.0,1.0,,1.0,,1.0,1.0,,,
Thisted,2.210228792185277,3,25,0,1.0,1.0,,1.0,1.0,,1.0,,,
Thisted,2.400304362072847,3,25,0,1.0,,1.0,1.0,,,,,,
Thisted,2.2032376757114185,1,25,0,1.0,1.0,1.0,1.0,1.0,1.0,1.0,1.0,1.0,1.0
Varde,1.658888937397154,3,25,0,,1.0,,,1.0,,1.0,1.0,1.0,
Varde,1.7186949933337765,2,25,0,,,,1.0,,,,,1.0,
Varde,1.8170078171339683,1,25,0,1.0,1.0,1.0,1.0,1.0,1.0,1.0,1.0,1.0,1.0
Varde,1.7144527491452364,1,25,0,1.0,1.0,1.0,1.0,1.0,1.0,1.0,1.0,1.0,1.0
Varde,1.8521483661215332,2,25,0,,,,,1.0,,,,,
Varde,1.993966336506185,3,25,0,1.0,,,,1.0,1.0,1.0,1.0,,
Varde,2.0920491763867135,3,25,0,,,,,,,,,,1.0
Vejen,2.211660858131265,3,25,0,1.0,1.0,,1.0,,,,1.0,,1.0
Vejen,2.2499200681866665,3,25,0,,1.0,,1.0,,1.0,,1.0,,1.0
Vejen,2.1802986002895492,3,25,0,,1.0,,1.0,,1.0,1.0,1.0,1.0,
Vejen,1.8007574980558614,2,25,0,,,,,,,,,,
Vejen,1.799549884815357,3,25,0,,1.0,,1.0,1.0,,1.0,1.0,1.0,1.0
Vejen,1.9604733990675292,1,25,0,1.0,1.0,1.0,1.0,1.0,1.0,1.0,1.0,1.0,1.0
Vejle,1.4690187100938197,3,25,0,1.0,1.0,,,,1.0,1.0,1.0,1.0,
Vejle,1.9464746581671923,3,25,0,,,1.0,1.0,1.0,1.0,1.0,1.0,,1.0
Vejle,1.5200490889611211,3,25,0,1.0,1.0,,,1.0,,1.0,1.0,1.0,
Vejle,1.7834583056018332,3,25,0,1.0,,,1.0,,1.0,,1.0,,1.0
Vejle,1.6070397188225818,2,25,0,,1.0,,,,,,,,
Vejle,1.580897171900267,3,25,0,,1.0,,1.0,,1.0,1.0,1.0,,1.0
Vejle,2.165245461334746,3,25,0,1.0,,1.0,,,,1.0,,,1.0
Vejle,1.7827173924236828,1,25,0,1.0,1.0,1.0,1.0,1.0,1.0,1.0,1.0,1.0,1.0
Vejle,1.5638649731328589,3,25,0,,1.0,,1.0,1.0,1.0,,1.0,,
Vejle,1.641531035035867,3,25,0,1.0,1.0,,1.0,1.0,1.0,1.0,,,1.0
Vejle,1.8421632576868103,3,25,0,,,,,1.0,1.0,,1.0,,
Vejle,1.5818330973274153,1,25,0,1.0,1.0,1.0,1.0,1.0,1.0,1.0,1.0,1.0,1.0
Vejle,1.539255587949836,2,25,0,,,1.0,,,,,,,
Vejle,1.681411168421834,3,25,0,1.0,1.0,1.0,,,1.0,1.0,1.0,,1.0
Vejle,1.8608670036245618,3,25,0,1.0,,1.0,,,,,1.0,,1.0
Vejle,1.8089271159300206,2,25,0,,,,,,,,,,
Vejle,1.5767060714720893,3,25,0,,,,,,1.0,,,,1.0
Vejle,1.5400139334707275,3,25,0,,1.0,,1.0,1.0,,1.0,1.0,1.0,1.0
Vejle,1.6014488507202196,1,25,0,1.0,1.0,1.0,1.0,1.0,1.0,1.0,1.0,1.0,1.0
Viborg,1.9354215173668492,1,25,0,1.0,1.0,1.0,1.0,1.0,1.0,1.0,1.0,1.0,1.0
Viborg,1.8404183012964392,1,25,0,1.0,1.0,1.0,1.0,1.0,1.0,1.0,1.0,1.0,1.0
Viborg,1.6304436252504386,3,25,0,1.0,,1.0,1.0,,,,1.0,,1.0
Viborg,1.56332221479102,3,25,0,1.0,1.0,,1.0,1.0,,1.0,1.0,,
Viborg,2.0160093740360936,3,25,0,1.0,,1.0,,1.0,,,1.0,,1.0
Viborg,1.8775097093599793,3,25,0,,,1.0,,1.0,1.0,1.0,,,1.0
Viborg,1.6666946485798002,1,25,0,1.0,1.0,1.0,1.0,1.0,1.0,1.0,1.0,1.0,1.0
Viborg,1.861736507787846,1,25,0,1.0,1.0,1.0,1.0,1.0,1.0,1.0,1.0,1.0,1.0
Viborg,1.808005082633023,1,25,0,1.0,1.0,1.0,1.0,1.0,1.0,1.0,1.0,1.0,1.0
Viborg,1.5786337947023077,3,25,0,1.0,1.0,1.0,1.0,1.0,,,1.0,,1.0
Viborg,2.0783542130524597,3,25,0,,1.0,1.0,1.0,,,1.0,,,
Viborg,1.8298177722223938,3,25,0,,,,1.0,1.0,,,,,
Viborg,1.9037532712357426,2,25,0,,,,,1.0,,,,,
Viborg,1.7746957445554798,2,25,0,,,,,,,,1.0,,
Viborg,1.6701993592593227,3,25,0,,,1.0,,1.0,1.0,1.0,1.0,,
Vordingborg,1.9398721371559988,3,25,0,1.0,1.0,,1.0,,1.0,1.0,,1.0,
Vordingborg,1.8983754822169951,1,25,0,1.0,1.0,1.0,1.0,1.0,1.0,1.0,1.0,1.0,1.0
Vordingborg,1.920218913252655,3,25,0,,1.0,1.0,1.0,1.0,1.0,,,,
Vordingborg,1.9602417344166256,3,25,0,,1.0,1.0,1.0,1.0,,1.0,,,1.0
Vordingborg,1.737392978581472,1,25,0,1.0,1.0,1.0,1.0,1.0,1.0,1.0,1.0,1.0,1.0
